{
  "aging": [
    {
      "Aging": "0–30 Days",
      "Amount": 28400,
      "Claims": 12,
      "Priority": "Low"
    },
    {
      "Aging": "31–60 Days",
      "Amount": 46000,
      "Claims": 19,
      "Priority": "Medium"
    },
    {
      "Aging": "61–90 Days",
      "Amount": 1000000,
      "Claims": 10,
      "Priority": "High"
    }
  ],
  "billDetails": {
    "AccountNumber": "V00000883926",
    "BillNo": "692",
    "ClaimFiledDate": "Sat, 31 May 2025 00:00:00 GMT",
    "ClaimAmount": 479.22,
    "CurrentPrimaryInsurance": "MCD",
    "Name": "CARTERGREEN,COREY",
    "Timeline": [
      {
        "Activity": "Adjustment",
        "Date": "Sat, 07 Jun 2025 00:00:00 GMT"
      },
      {
        "Activity": "Bill Post 05/27/25 - 05/31/25 ",
        "Date": "Sat, 07 Jun 2025 00:00:00 GMT"
      },
      {
        "Activity": "Adjustment",
        "Date": "Sat, 07 Jun 2025 00:00:00 GMT"
      },
      {
        "Activity": "Bill Post 05/27/25 - 05/31/25 ",
        "Date": "Sat, 07 Jun 2025 00:00:00 GMT"
      },
      {
        "Activity": "Adjustment",
        "Date": "Sat, 07 Jun 2025 00:00:00 GMT"
      },
      {
        "Activity": "Bill Post 05/27/25 - 05/31/25 ",
        "Date": "Sat, 07 Jun 2025 00:00:00 GMT"
      },
      {
        "Activity": "Adjustment",
        "Date": "Sat, 07 Jun 2025 00:00:00 GMT"
      },
      {
        "Activity": "Bill Post 05/27/25 - 05/31/25 ",
        "Date": "Sat, 07 Jun 2025 00:00:00 GMT"
      }
    ],
    "ActionList": [
      {
        "step": "1. Policy & Eligibility Check",
        "description": "Confirm insurance coverage and validate with patient/guardian.",
        "status": "Completed"
      },
      {
        "step": "2. Claim Drafting",
        "description": "Extract services and prepare claim with billed components.",
        "status": "Completed"
      },
      {
        "step": "3. Documentation Upload",
        "description": "Attach notes, referrals, or consents.",
        "status": "Missing"
      },
      {
        "step": "4. Claim Submission",
        "description": "Submit via clearinghouse; check for rejections.",
        "status": "Completed"
      },
      {
        "step": "5. Insurer Response Handling",
        "description": "Handle acceptances, denials, flags, or follow-ups.",
        "status": "In Progress"
      },
      {
        "step": "6. Payment Posting & Review",
        "description": "Reconcile expected vs actual payment; escalate underpaid/denied.",
        "status": "In Progress"
      }
    ]
  },
  "bills": [
    {
      "AccountNumber": "V00000957548",
      "AccountType": "O DAY",
      "BillCount": 2,
      "EntryBy": "BRAHAM,RENNI|GOMEZ,GENNY|HERNANDEZ,ALEXANDRA|ROMAO,MARYSELI|STAMATI,MARIE",
      "Name": "BEYRER,MAIREAD",
      "PatientID": "E0-B20190207150839958",
      "TotalAmount": "$3,404"
    },
    {
      "AccountNumber": "V00001000504",
      "AccountType": "O DAY",
      "BillCount": 1,
      "EntryBy": "BRAHAM,RENNI|HERNANDEZ,ALEXANDRA|ROMAO,MARYSELI|STAMATI,MARIE",
      "Name": "MUSIC,NADIA",
      "PatientID": "E0-201003251-0000014650",
      "TotalAmount": "$0"
    },
    {
      "AccountNumber": "V00001008119",
      "AccountType": "O DAY",
      "BillCount": 2,
      "EntryBy": "GOMEZ,GENNY|HERNANDEZ,ALEXANDRA|PHILLIPS,AIMEE|ROMAO,MARYSELI",
      "Name": "BARAJAS,BENJAMIN",
      "PatientID": "E0-B20211013142317992",
      "TotalAmount": "$1,254"
    }
  ],
  "task": [
    {
      "AccountNumber": "V097502",
      "AccountType": "O DAY",
      "ActionRequired": "development",
      "BillNo": 396,
      "BillCount": 2,
      "EntryBy": "STAMATI,MARIE",
      "Name": "ZUZZOLO,MARY",
      "PatientID": "E0-200000010496",
      "TotalAmount": 1000.00
    },
    {
      "AccountNumber": "V0002",
      "AccountType": "O DAY",
      "ActionRequired": "development",
      "BillNo": 465,
      "BillCount": 5,
      "EntryBy": "BRAHAM,RENNI|HERNANDEZ,ALEXANDRA|ROMAO,MARYSELI|STAMATI,MARIE",
      "Name": "ZUZZOLO,MARY",
      "PatientID": "E0-20100010496",
      "TotalAmount": 1000.00
    },
    {
      "AccountNumber": "V007502",
      "AccountType": "O DAY",
      "ActionRequired": "development",
      "BillNo": 479,
      "BillCount": 8,
      "EntryBy": "GOMEZ,GENNY|HERNANDEZ,ALEXANDRA|ROMAO,MARYSELI|STAMATI,MARIE",
      "Name": "ZUZZOLO,MARY",
      "PatientID": "E0-2000010496",
      "TotalAmount": 20000.00
    }
  ],
  "denial": [
    {
      "DenialCodes": "CO-50",
      "Description": "Not medically necessary",
      "AccountCount": 6
    },
    {
      "DenialCodes": "CO-18",
      "Description": "Duplicate Claim",
      "AccountCount": 4
    },
    {
      "DenialCodes": "CO-16",
      "Description": "Missing Information",
      "AccountCount": 5
    },{
      "DenialCodes": "CO-50",
      "Description": "Not medically necessary",
      "AccountCount": 6
    },
    {
      "DenialCodes": "CO-18",
      "Description": "Duplicate Claim",
      "AccountCount": 4
    },
    {
      "DenialCodes": "CO-16",
      "Description": "Missing Information",
      "AccountCount": 5
    },{
      "DenialCodes": "CO-50",
      "Description": "Not medically necessary",
      "AccountCount": 6
    },
    {
      "DenialCodes": "CO-18",
      "Description": "Duplicate Claim",
      "AccountCount": 4
    },
    {
      "DenialCodes": "CO-16",
      "Description": "Missing Information",
      "AccountCount": 5
    }
  ],
  "users": {
    "unique_users": [
      "NOYE,CHERYL",
      "STAMATI,MARIE",
      "ROMAO,MARYSELI",
      "BIGELOW,TIFFINEE",
      "HERNANDEZ,ALEXANDRA",
      "BRAHAM,RENNI",
      "GOMEZ,GENNY",
      "PHILLIPS,AIMEE",
      "OLIVEIRA,ANA",
      "COPPOLINO,LISAMARIE",
      "CARTER,SARIA",
      "SMITH,ELENA",
      "FERGUSON,CAROL",
      "JENKINS,DAWN",
      "MARTINI,NICOLE",
      "CAHILL,STORMIE",
      "KING,THERESA A",
      "RODRIGUEZ,PRECIOUS",
      "KINANE,CARIANN",
      "BURGH,AMY",
      "COLANTUONO,DAYNA",
      "SANDS BROOKS,DORRINE",
      "TOMALA,BRITTANY",
      "LAWLER,KAREN",
      "IBIEZUGBE,LAUREN",
      "MARGIOTTA,ADRIANNA",
      "FRENCH,TRACY",
      "DANGIOLILLO,GAIL",
      "ANDREWS,LISA",
      "DEIESO,ALEXIS",
      "SETTEMBRINI,JOHN, MD, PT",
      "MCCALLUM,SAIDAH",
      "GIJU,LALY",
      "YEUNG,JEANNETTE",
      "FAY CONTE,THERESA",
      "WISE,IDA, Audiologis",
      "DUNN,JESSICA"
    ]
  },
  "generatedData": {
    "AccountNumber": "V00001093707",
    "BillNo": "19",
    "EntryBy": "STAMATI,MARIE",
    "ModelSummary": {
      "InteractionsWithInsurers": "- **2025-01-31**: Payment received from Molina for **-$15,329.23** (Check/EFT: 1173451633).\n- **2025-01-31**: Informational adjustment indicating charge exceeds fee schedule (RMC Code: CARC 45-CO).\n- **2025-01-31**: Claim status update indicating it was paid as primary (RMC Code: CLMSTATUS 1).\n- **2025-01-27**: Demand sent to Molina (EPSSI) with CSID: VAF00002757696.\n- **2025-01-17**: Demand sent to Molina (EISSIIP) with CSID: VAF00002757674.\n- **2025-01-27**: Another demand sent to Molina (EPSSI) with CSID: VAF00002757682.",
      "RecommendationForNextAction": "The hospital biller should follow up with Molina regarding the outstanding balance after the payment of **-$15,329.23** received on **2025-01-31**. Given the adjustment of **-$20,166.85** on **2025-01-16** and the initial bill of **$35,496.08**, it is essential to clarify the remaining balance and ensure that all demands sent on **2025-01-17** and **2025-01-27** are addressed. Additionally, the biller should investigate the implications of the adjustment noted on **2025-01-31** regarding the charge exceeding the fee schedule.",
      "SummaryOfBillingHistory": "1. **2025-01-08 to 2025-01-14**: Bill posted with a total amount of **$35,496.08**.\n2. **2025-01-16**: Adjustment applied, reducing the amount by **$20,166.85**.\n3. **2025-01-17**: Demand sent (EISSIIP) to Molina, no transaction amount specified.\n4. **2025-01-27**: Two demands sent (EPSSI) to Molina, no transaction amounts specified.\n5. **2025-01-31**: Payment received from Molina via Check/EFT, amounting to **-$15,329.23**.\n6. **2025-01-31**: Informational note indicating that the charge exceeds the fee schedule/maximum allowable or contracted fee arrangement (RMC Code: CARC 45-CO).\n7. **2025-01-31**: Informational note stating that the claim was paid as primary (RMC Code: CLMSTATUS 1)."
    }
  },
  "paymentVariance": [
    {
      "ADJAmount": -627401.76,
      "AccountNumber": "V00001088921",
      "DelayDurationDays": 43.9264705882353,
      "PAYAmount": -91199.36,
      "PSTAmount": 1948845.99,
      "REVAmount": -947783.88,
      "TotalAmount": 282460.99
    },
    {
      "ADJAmount": -452016.83,
      "AccountNumber": "V00001103555",
      "DelayDurationDays": 31.2105263157895,
      "PAYAmount": -48609.59,
      "PSTAmount": 1337662.43,
      "REVAmount": -594771.12,
      "TotalAmount": 242264.89
    },
    {
      "ADJAmount": -302193.98,
      "AccountNumber": "V00001101773",
      "DelayDurationDays": 39.952380952381,
      "PAYAmount": -78.81,
      "PSTAmount": 657726.16,
      "REVAmount": -198743.73,
      "TotalAmount": 156709.64
    }
  ],
  "top_5_problem": [
    {
      "AccountNumber": "V00001088921",
      "DelayDurationDays": 44,
      "TotalAmount": 282460.99
    },
    {
      "AccountNumber": "V00001103555",
      "DelayDurationDays": 31,
      "TotalAmount": 242264.89
    },
    {
      "AccountNumber": "V00001101773",
      "DelayDurationDays": 40,
      "TotalAmount": 156709.64
    },
    {
      "AccountNumber": "V00001096593",
      "DelayDurationDays": 67,
      "TotalAmount": 145124.34
    },
    {
      "AccountNumber": "V00001099977",
      "DelayDurationDays": 48,
      "TotalAmount": 97812
    }
  ]
  
}