[
  {
    "metrics": [
      {
        "label": "Total Unique Patients",
        "type": "patients",
        "value": 1185
      },
      {
        "label": "Total Unique Accounts",
        "type": "accounts",
        "value": 1748
      },
      {
        "label": "Total Bills Processed",
        "type": "processed",
        "value": 22676
      }
    ],
    "title": "Key Billing Metrics -(from 2022-02-09)"
  },
  {
    "metrics": [
      {
        "label": "Bills ≥ 30 Days (Posted)",
        "type": "bills_lt_30",
        "value": 7361
      },
      {
        "label": "Bills \u003C 30 Days (Posted)",
        "type": "bills_gt_30",
        "value": 15315
      }
    ],
    "title": "Duration Based Billing Summary"
  }
]