[
  {
    "amount": "$0.00",
    "bill_status": "Posted",
    "bills": 1,
    "id": 1,
    "status": "Advance Payment / Legacy Offset"
  },
  {
    "amount": "$-469,846.72",
    "bill_status": "Posted",
    "bills": 2887,
    "id": 2,
    "status": "Fully Denied"
  },
  {
    "amount": "$-3,902,979.30",
    "bill_status": "Posted",
    "bills": 7475,
    "id": 3,
    "status": "Fully Paid"
  },
  {
    "amount": "$8,841.56",
    "bill_status": "Reversed",
    "bills": 27,
    "id": 4,
    "status": "Fully Paid"
  },
  {
    "amount": "$270,003,373,119.32",
    "bill_status": "Posted",
    "bills": 3411,
    "id": 5,
    "status": "Overpaid"
  },
  {
    "amount": "$-2,292,299.65",
    "bill_status": "Posted",
    "bills": 1798,
    "id": 6,
    "status": "Partially Denied"
  },
  {
    "amount": "$-11,595,981.60",
    "bill_status": "Posted",
    "bills": 6179,
    "id": 7,
    "status": "Partially Paid"
  },
  {
    "amount": "$0.00",
    "bill_status": "Posted",
    "bills": 6,
    "id": 8,
    "status": "Refunded"
  },
  {
    "amount": "$2,785,998.16",
    "bill_status": "Reversed",
    "bills": 3971,
    "id": 9,
    "status": "Refunded"
  }
]