[
{
    "count": 7068,
    "percent": 27.45,
    "reason": "Contractual / Fee Schedule Limit"
  },
  {
    "count": 5845,
    "percent": 22.7,
    "reason": "Other: No suitable delay category could be determined from the provided transaction details."
  },
  {
    "count": 3804,
    "percent": 14.77,
    "reason": "Payment Processing Delays (Adjustments / Regulatory)"
  },
  {
    "count": 2634,
    "percent": 10.23,
    "reason": "Reprocessing / Reversals / Pending Adjustments"
  },
  {
    "count": 1489,
    "percent": 5.78,
    "reason": "Non-covered Charges"
  },
  {
    "count": 1200,
    "percent": 4.66,
    "reason": "Authorization / Precertification Required"
  },
  {
    "count": 950,
    "percent": 3.69,
    "reason": "Missing or Incorrect Patient Information"
  },
  {
    "count": 800,
    "percent": 3.11,
    "reason": "Coordination of Benefits (COB) Issues"
  },
  {
    "count": 650,
    "percent": 2.53,
    "reason": "Medical Necessity Denial"
  },
  {
    "count": 500,
    "percent": 1.94,
    "reason": "Duplicate Claim Submission"
  },
  {
    "count": 400,
    "percent": 1.56,
    "reason": "Timely Filing Exceeded"
  },
  {
    "count": 300,
    "percent": 1.17,
    "reason": "Benefit Maximum Reached"
  },
  {
    "count": 200,
    "percent": 0.78,
    "reason": "Service Not Covered"
  },
  {
    "count": 100,
    "percent": 0.39,
    "reason": "Provider Not Enrolled"
  },
  {
    "count": 50,
    "percent": 0.19,
    "reason": "Miscellaneous"
  }
]