[
  {
    "delayReasons": [
      {
        "status": "Processing & Adjustment Delays",
        "totalBills": 572
      },
      {
        "status": "Contractual & Coverage Limitations",
        "totalBills": 499
      },
      {
        "status": "Financial Responsibility Issues",
        "totalBills": 112
      },
      {
        "status": "Eligibility & Coverage Issues",
        "totalBills": 67
      },
      {
        "status": "Other: No suitable delay category...",
        "totalBills": 27
      },
      {
        "status": "Authorization / Medical Necessity",
        "totalBills": 25
      },
      {
        "status": "Timely Filing & Submission Issues",
        "totalBills": 14
      },
      {
        "status": "Other: No suitable delay category identified",
        "totalBills": 9
      },
      {
        "status": "Appeals & Disputes",
        "totalBills": 5
      },
      {
        "status": "Coding & Documentation Errors",
        "totalBills": 4
      }
    ],
    "donts": "1. Avoid processing claims without verifying the accuracy of coding and documentation, as errors in these areas can lead to significant delays in claim resolution.\n2. Do not overlook the importance of clear communication with providers regarding financial responsibility; failing to clarify patient cost-sharing can result in disputes and delays in payment.\n3. Refrain from submitting claims without thorough checks for authorization requirements, as neglecting this step can lead to unnecessary delays in claim processing.\n4. Do not ignore the appeals process; ensure that all appeals are documented and tracked efficiently to prevent delays in resolving disputes and obtaining payment.\n5. Avoid using vague or non-specific reasons for delays in internal reporting; instead, categorize delays accurately to facilitate effective analysis and resolution strategies.",
    "dos": "1. Implement a robust tracking system for processing and adjustment delays to identify patterns and root causes, enabling targeted interventions to streamline workflows.\n2. Regularly review and update contractual agreements to ensure that all coverage limitations are clearly communicated to both providers and members, minimizing misunderstandings that lead to delays.\n3. Establish a pre-authorization checklist for services requiring medical necessity reviews, ensuring that all necessary documentation is submitted upfront to avoid delays in processing.\n4. Conduct training sessions for claims processors focused on eligibility verification processes, emphasizing the importance of confirming patient coverage prior to claim submission to reduce eligibility-related delays.\n5. Develop a standardized protocol for timely filing and submission, including reminders for claims processors to adhere to submission timelines, thereby minimizing the risk of delays due to late filings.",
    "insurance": "AETNA",
    "percent": 5.9
  },
  {
    "delayReasons": [
      {
        "status": "Processing & Adjustment Delays",
        "totalBills": 77
      },
      {
        "status": "Contractual & Coverage Limitations",
        "totalBills": 25
      },
      {
        "status": "Financial Responsibility Issues",
        "totalBills": 14
      },
      {
        "status": "Eligibility & Coverage Issues",
        "totalBills": 9
      },
      {
        "status": "Authorization / Medical Necessity",
        "totalBills": 3
      },
      {
        "status": "Timely Filing & Submission Issues",
        "totalBills": 2
      },
      {
        "status": "Appeals & Disputes",
        "totalBills": 1
      },
      {
        "status": "Other: No suitable delay category...",
        "totalBills": 1
      }
    ],
    "donts": "1. Avoid submitting claims without thorough documentation of financial responsibility agreements, as this can lead to disputes and delays in processing.\n2. Do not overlook the importance of accurate coding and billing practices; errors in these areas can lead to significant processing and adjustment delays.\n3. Refrain from assuming that all claims will be processed without follow-up; establish a routine for tracking and managing claims to prevent delays from unresolved issues.\n4. Do not neglect to communicate with providers regarding any discrepancies or missing information; proactive communication can prevent delays related to appeals and disputes.\n5. Avoid using outdated or incorrect information in the claims submission process, as this can lead to eligibility and coverage issues that prolong the claims lifecycle.",
    "dos": "1. Implement a standardized checklist for claims processing that includes verification of all necessary documentation and information to minimize processing and adjustment delays.\n2. Regularly review and update the contractual agreements to ensure that all coverage limitations are clearly communicated to both providers and patients, reducing the likelihood of disputes related to coverage.\n3. Establish a clear protocol for verifying patient eligibility and coverage prior to service delivery, which can significantly decrease eligibility and coverage issues during claims processing.\n4. Create a dedicated team to handle authorization requests, ensuring that all medical necessity criteria are met and documented before submission to avoid delays related to authorization.\n5. Develop a training program focused on timely filing and submission requirements, emphasizing the importance of adhering to deadlines to prevent delays in claims processing.",
    "insurance": "AETNA2ND",
    "percent": 0.6
  }
]