[
  {
    "insurance": "MCD",
    "percent": 37.3,
    "totalBills": 5762
  },
  {
    "insurance": "HFPHSP",
    "percent": 9.2,
    "totalBills": 1427
  },
  {
    "insurance": "AETNA",
    "percent": 8.6,
    "totalBills": 1334
  },
  {
    "insurance": "EMPBCCON",
    "percent": 8.4,
    "totalBills": 1296
  },
  {
    "insurance": "BENEXHAUST",
    "percent": 7.7,
    "totalBills": 1191
  },
  {
    "insurance": "FIDEL",
    "percent": 7.3,
    "totalBills": 1127
  },
  {
    "insurance": "EMPBCNYC",
    "percent": 6.5,
    "totalBills": 997
  },
  {
    "insurance": "METRO",
    "percent": 5.6,
    "totalBills": 865
  },
  {
    "insurance": "MCD2",
    "percent": 5.1,
    "totalBills": 791
  },
  {
    "insurance": "UHCEMP",
    "percent": 4.2,
    "totalBills": 652
  }
]